,date,max,min,precip
1,1/1/2010,70,51,0
2,1/2/2010,78,50,0
3,1/3/2010,79,54,0
4,1/4/2010,77,56,0
5,1/5/2010,78,54,0
6,1/6/2010,76,52,0
7,1/7/2010,74,49,0
8,1/8/2010,79,51,0
9,1/9/2010,77,58,0
10,1/10/2010,77,54,0
11,1/11/2010,81,52,0
12,1/12/2010,73,53,0
13,1/13/2010,66,54,0.16
14,1/14/2010,74,51,0
15,1/15/2010,76,50,0
16,1/16/2010,71,54,0
17,1/17/2010,66,54,0.31
18,1/18/2010,62,56,1.12
19,1/19/2010,58,50,0.61
20,1/20/2010,59,51,1.2
21,1/21/2010,58,50,0.97
22,1/22/2010,53,46,0.37
23,1/23/2010,60,42,0
24,1/24/2010,64,43,0
25,1/25/2010,67,46,0
26,1/26/2010,61,47,0.2
27,1/27/2010,69,54,0
28,1/28/2010,71,50,0
29,1/29/2010,68,50,0
30,1/30/2010,64,48,0
31,1/31/2010,66,47,0
32,2/1/2010,68,50,0
33,2/2/2010,66,54,0
34,2/3/2010,70,49,0
35,2/4/2010,65,55,0
36,2/5/2010,58,54,0.94
37,2/6/2010,63,51,1.91
38,2/7/2010,64,45,0
39,2/8/2010,64,49,0
40,2/9/2010,59,45,0.44
41,2/10/2010,65,40,0
42,2/11/2010,65,50,0
43,2/12/2010,67,50,0
44,2/13/2010,75,49,0
45,2/14/2010,81,52,0
46,2/15/2010,82,57,0
47,2/16/2010,84,57,0
48,2/17/2010,80,55,0
49,2/18/2010,69,56,0
50,2/19/2010,64,54,0.09
51,2/20/2010,64,52,0.05
52,2/21/2010,65,54,0.03
53,2/22/2010,70,52,0
54,2/23/2010,69,47,0
55,2/24/2010,66,53,0.01
56,2/25/2010,70,53,0
57,2/26/2010,75,56,0
58,2/27/2010,63,52,0.8
59,2/28/2010,68,47,0
60,3/1/2010,71,52,0
61,3/2/2010,67,56,0
62,3/3/2010,66,54,0.06
63,3/4/2010,64,49,0
64,3/5/2010,68,49,0
65,3/6/2010,62,52,0.42
66,3/7/2010,66,50,0
67,3/8/2010,66,54,0
68,3/9/2010,62,49,0
69,3/10/2010,64,50,0
70,3/11/2010,68,47,0
71,3/12/2010,71,49,0
72,3/13/2010,66,52,0
73,3/14/2010,71,49,0
74,3/15/2010,82,49,0
75,3/16/2010,88,58,0
76,3/17/2010,87,61,0
77,3/18/2010,78,59,0
78,3/19/2010,74,55,0
79,3/20/2010,81,54,0
80,3/21/2010,80,52,0
81,3/22/2010,72,53,0
82,3/23/2010,73,57,0
83,3/24/2010,75,55,0
84,3/25/2010,67,55,0
85,3/26/2010,73,53,0
86,3/27/2010,83,53,0
87,3/28/2010,85,58,0
88,3/29/2010,81,57,0
89,3/30/2010,68,58,0
90,3/31/2010,66,53,0
91,4/1/2010,64,50,0
92,4/2/2010,69,52,0
93,4/3/2010,70,53,0
94,4/4/2010,65,53,0.03
95,4/5/2010,64,53,0.57
96,4/6/2010,72,49,0
97,4/7/2010,82,52,0
98,4/8/2010,84,58,0
99,4/9/2010,76,57,0
100,4/10/2010,67,57,0
101,4/11/2010,64,54,0.72
102,4/12/2010,65,52,0.19
103,4/13/2010,67,50,0
104,4/14/2010,70,52,0
105,4/15/2010,73,53,0
106,4/16/2010,72,54,0
107,4/17/2010,76,55,0
108,4/18/2010,76,55,0
109,4/19/2010,73,58,0
110,4/20/2010,68,52,0.11
111,4/21/2010,63,48,0
112,4/22/2010,61,49,0
113,4/23/2010,69,49,0
114,4/24/2010,70,55,0
115,4/25/2010,75,54,0
116,4/26/2010,73,55,0
117,4/27/2010,67,58,0.01
118,4/28/2010,67,57,0.02
119,4/29/2010,70,55,0
120,4/30/2010,75,55,0
121,5/1/2010,73,56,0
122,5/2/2010,74,59,0
123,5/3/2010,81,57,0
124,5/4/2010,79,57,0
125,5/5/2010,74,59,0
126,5/6/2010,75,58,0
127,5/7/2010,79,58,0
128,5/8/2010,77,59,0
129,5/9/2010,68,57,0
130,5/10/2010,69,55,0
131,5/11/2010,69,53,0
132,5/12/2010,74,55,0
133,5/13/2010,76,58,0
134,5/14/2010,73,58,0
135,5/15/2010,73,58,0
136,5/16/2010,73,58,0
137,5/17/2010,64,58,0
138,5/18/2010,69,57,0.03
139,5/19/2010,74,59,0
140,5/20/2010,78,59,0
141,5/21/2010,73,59,0
142,5/22/2010,71,56,0
143,5/23/2010,67,56,0
144,5/24/2010,70,56,0
145,5/25/2010,72,54,0
146,5/26/2010,71,58,0
147,5/27/2010,69,58,0.02
148,5/28/2010,72,55,0
149,5/29/2010,81,57,0
150,5/30/2010,84,60,0
151,5/31/2010,79,61,0
152,6/1/2010,75,61,0
153,6/2/2010,75,61,0
154,6/3/2010,77,60,0
155,6/4/2010,77,63,0
156,6/5/2010,81,64,0
157,6/6/2010,81,65,0
158,6/7/2010,77,64,0
159,6/8/2010,74,64,0
160,6/9/2010,75,64,0
161,6/10/2010,75,65,0
162,6/11/2010,74,63,0
163,6/12/2010,75,63,0
164,6/13/2010,75,62,0
165,6/14/2010,79,61,0
166,6/15/2010,81,63,0
167,6/16/2010,78,63,0
168,6/17/2010,78,61,0
169,6/18/2010,78,62,0
170,6/19/2010,78,61,0
171,6/20/2010,79,60,0
172,6/21/2010,75,61,0
173,6/22/2010,78,62,0
174,6/23/2010,78,61,0
175,6/24/2010,80,62,0
176,6/25/2010,78,63,0
177,6/26/2010,76,64,0
178,6/27/2010,79,64,0
179,6/28/2010,78,64,0
180,6/29/2010,73,63,0
181,6/30/2010,76,63,0
182,7/1/2010,77,63,0
183,7/2/2010,77,62,0
184,7/3/2010,77,64,0
185,7/4/2010,77,63,0
186,7/5/2010,75,63,0
187,7/6/2010,72,62,0
188,7/7/2010,71,62,0
189,7/8/2010,70,63,0
190,7/9/2010,74,62,0
191,7/10/2010,81,64,0
192,7/11/2010,79,64,0
193,7/12/2010,75,64,0
194,7/13/2010,86,64,0
195,7/14/2010,94,67,0
196,7/15/2010,92,71,0
197,7/16/2010,95,70,0
198,7/17/2010,90,69,0
199,7/18/2010,87,68,0
200,7/19/2010,86,68,0
201,7/20/2010,80,65,0
202,7/21/2010,78,66,0
203,7/22/2010,77,66,0
204,7/23/2010,77,63,0
205,7/24/2010,78,62,0
206,7/25/2010,78,64,0
207,7/26/2010,76,63,0
208,7/27/2010,73,63,0
209,7/28/2010,75,62,0
210,7/29/2010,78,61,0
211,7/30/2010,76,62,0
212,7/31/2010,81,63,0
213,8/1/2010,79,61,0
214,8/2/2010,80,59,0
215,8/3/2010,84,61,0
216,8/4/2010,80,62,0
217,8/5/2010,80,62,0
218,8/6/2010,80,62,0
219,8/7/2010,79,63,0
220,8/8/2010,78,63,0
221,8/9/2010,77,62,0
222,8/10/2010,79,63,0
223,8/11/2010,78,63,0
224,8/12/2010,78,61,0
225,8/13/2010,78,62,0
226,8/14/2010,80,61,0
227,8/15/2010,81,60,0
228,8/16/2010,83,63,0
229,8/17/2010,93,69,0
230,8/18/2010,94,71,0
231,8/19/2010,90,67,0
232,8/20/2010,88,65,0
233,8/21/2010,86,64,0
234,8/22/2010,91,66,0
235,8/23/2010,98,65,0
236,8/24/2010,94,71,0
237,8/25/2010,90,69,0
238,8/26/2010,87,67,0
239,8/27/2010,83,65,0
240,8/28/2010,77,66,0
241,8/29/2010,73,65,0
242,8/30/2010,78,64,0
243,8/31/2010,82,62,0
244,9/1/2010,83,61,0
245,9/2/2010,85,61,0
246,9/3/2010,83,61,0
247,9/4/2010,90,63,0
248,9/5/2010,86,62,0
249,9/6/2010,80,66,0
250,9/7/2010,73,66,0
251,9/8/2010,73,66,0
252,9/9/2010,78,63,0
253,9/10/2010,79,60,0
254,9/11/2010,74,60,0
255,9/12/2010,77,60,0
256,9/13/2010,80,61,0
257,9/14/2010,83,64,0
258,9/15/2010,81,60,0
259,9/16/2010,79,59,0
260,9/17/2010,78,59,0
261,9/18/2010,81,60,0
262,9/19/2010,80,58,0
263,9/20/2010,80,62,0
264,9/21/2010,72,64,0
265,9/22/2010,75,63,0
266,9/23/2010,83,60,0
267,9/24/2010,94,62,0
268,9/25/2010,98,66,0
269,9/26/2010,105,68,0
270,9/27/2010,113,77,0
271,9/28/2010,99,78,0
272,9/29/2010,92,72,0
273,9/30/2010,94,70,0
274,10/1/2010,90,71,0
275,10/2/2010,90,68,0
276,10/3/2010,80,66,0
277,10/4/2010,68,61,0.1
278,10/5/2010,71,62,0
279,10/6/2010,70,62,0.3
280,10/7/2010,75,62,0
281,10/8/2010,81,59,0
282,10/9/2010,88,62,0
283,10/10/2010,93,63,0
284,10/11/2010,88,67,0
285,10/12/2010,82,66,0
286,10/13/2010,80,65,0
287,10/14/2010,77,66,0
288,10/15/2010,74,67,0
289,10/16/2010,71,67,0
290,10/17/2010,69,65,0.01
291,10/18/2010,71,65,0
292,10/19/2010,74,64,0.04
293,10/20/2010,69,65,0.06
294,10/21/2010,70,65,0
295,10/22/2010,69,60,0.02
296,10/23/2010,70,60,0
297,10/24/2010,71,57,0.12
298,10/25/2010,74,61,0.08
299,10/26/2010,72,56,0
300,10/27/2010,82,55,0
301,10/28/2010,84,58,0
302,10/29/2010,79,55,0
303,10/30/2010,68,56,0.21
304,10/31/2010,68,54,0
305,11/1/2010,84,54,0
306,11/2/2010,90,58,0
307,11/3/2010,97,63,0
308,11/4/2010,96,65,0
309,11/5/2010,88,65,0
310,11/6/2010,74,59,0
311,11/7/2010,69,57,0
312,11/8/2010,68,55,0.16
313,11/9/2010,68,49,0
314,11/10/2010,66,48,0
315,11/11/2010,74,50,0
316,11/12/2010,76,47,0
317,11/13/2010,81,51,0
318,11/14/2010,78,52,0
319,11/15/2010,76,53,0
320,11/16/2010,70,51,0
321,11/17/2010,71,54,0
322,11/18/2010,69,50,0
323,11/19/2010,62,57,0.01
324,11/20/2010,64,50,0.03
325,11/21/2010,61,49,0.21
326,11/22/2010,61,45,0
327,11/23/2010,61,48,0
328,11/24/2010,60,47,0
329,11/25/2010,63,42,0
330,11/26/2010,68,44,0
331,11/27/2010,62,41,0.12
332,11/28/2010,58,44,0
333,11/29/2010,63,43,0
334,11/30/2010,67,39,0
335,12/1/2010,73,48,0
336,12/2/2010,74,47,0
337,12/3/2010,71,48,0
338,12/4/2010,64,50,0
339,12/5/2010,68,50,0.29
340,12/6/2010,68,51,0.03
341,12/7/2010,77,48,0
342,12/8/2010,73,49,0
343,12/9/2010,69,49,0
344,12/10/2010,73,51,0
345,12/11/2010,78,51,0
346,12/12/2010,85,58,0
347,12/13/2010,80,52,0
348,12/14/2010,60,51,0
349,12/15/2010,61,54,0
350,12/16/2010,63,53,0.03
351,12/17/2010,57,53,0.27
352,12/18/2010,61,57,1.19
353,12/19/2010,63,57,2.8
354,12/20/2010,61,54,1.32
355,12/21/2010,58,53,0.89
356,12/22/2010,61,52,1.7
357,12/23/2010,62,50,0
358,12/24/2010,68,47,0
359,12/25/2010,62,47,0.63
360,12/26/2010,63,48,0.27
361,12/27/2010,67,43,0
362,12/28/2010,66,45,0
363,12/29/2010,57,49,0.81
364,12/30/2010,55,45,0
365,12/31/2010,57,37,0
366,1/1/2011,59,45,0
367,1/2/2011,52,45,0.47
368,1/3/2011,57,44,0.11
369,1/4/2011,64,43,0
370,1/5/2011,67,46,0
371,1/6/2011,70,51,0
372,1/7/2011,63,49,0
373,1/8/2011,60,51,0
374,1/9/2011,60,48,0
375,1/10/2011,63,45,0
376,1/11/2011,64,50,0
377,1/12/2011,72,48,0
378,1/13/2011,75,52,0
379,1/14/2011,80,51,0
380,1/15/2011,82,51,0
381,1/16/2011,81,52,0
382,1/17/2011,84,55,0
383,1/18/2011,82,60,0
384,1/19/2011,70,53,0
385,1/20/2011,77,50,0
386,1/21/2011,75,49,0
387,1/22/2011,71,48,0
388,1/23/2011,77,48,0
389,1/24/2011,75,47,0
390,1/25/2011,76,49,0
391,1/26/2011,77,48,0
392,1/27/2011,75,47,0
393,1/28/2011,74,49,0
394,1/29/2011,67,45,0
395,1/30/2011,58,49,0.21
396,1/31/2011,65,45,0
397,2/1/2011,63,49,0
398,2/2/2011,64,41,0
399,2/3/2011,62,39,0
400,2/4/2011,66,43,0
401,2/5/2011,67,45,0
402,2/6/2011,76,49,0
403,2/7/2011,79,51,0
404,2/8/2011,67,53,0
405,2/9/2011,70,48,0
406,2/10/2011,69,44,0
407,2/11/2011,75,47,0
408,2/12/2011,80,52,0
409,2/13/2011,71,50,0
410,2/14/2011,65,49,0
411,2/15/2011,64,54,0
412,2/16/2011,62,48,0.65
413,2/17/2011,60,43,0
414,2/18/2011,62,50,0.53
415,2/19/2011,58,45,0.91
416,2/20/2011,59,41,0
417,2/21/2011,60,44,0
418,2/22/2011,62,43,0
419,2/23/2011,61,45,0
420,2/24/2011,60,44,0
421,2/25/2011,57,50,0.97
422,2/26/2011,56,43,0.23
423,2/27/2011,58,42,0
424,2/28/2011,66,41,0
425,3/1/2011,63,43,0
426,3/2/2011,65,47,0.15
427,3/3/2011,67,52,0.01
428,3/4/2011,75,52,0
429,3/5/2011,79,53,0
430,3/6/2011,63,51,0
431,3/7/2011,67,54,0
432,3/8/2011,70,52,0
433,3/9/2011,85,53,0
434,3/10/2011,80,53,0
435,3/11/2011,71,52,0
436,3/12/2011,66,51,0
437,3/13/2011,68,50,0
438,3/14/2011,72,51,0
439,3/15/2011,76,56,0
440,3/16/2011,70,54,0
441,3/17/2011,71,54,0
442,3/18/2011,68,51,0
443,3/19/2011,60,52,0.03
444,3/20/2011,56,50,2.42
445,3/21/2011,58,48,0.16
446,3/22/2011,61,47,0
447,3/23/2011,62,46,0.39
448,3/24/2011,62,44,0.15
449,3/25/2011,62,50,0.46
450,3/26/2011,59,49,0
451,3/27/2011,64,53,0.19
452,3/28/2011,67,50,0
453,3/29/2011,71,50,0
454,3/30/2011,81,53,0
455,3/31/2011,92,58,0
456,4/1/2011,89,61,0
457,4/2/2011,69,59,0
458,4/3/2011,67,57,0
459,4/4/2011,79,54,0
460,4/5/2011,72,55,0
461,4/6/2011,71,57,0
462,4/7/2011,64,50,0
463,4/8/2011,58,45,0
464,4/9/2011,61,45,0
465,4/10/2011,68,51,0
466,4/11/2011,71,51,0
467,4/12/2011,71,54,0
468,4/13/2011,64,54,0
469,4/14/2011,76,52,0
470,4/15/2011,85,57,0
471,4/16/2011,91,63,0
472,4/17/2011,77,61,0
473,4/18/2011,67,57,0
474,4/19/2011,70,56,0
475,4/20/2011,69,56,0
476,4/21/2011,68,56,0
477,4/22/2011,69,57,0
478,4/23/2011,69,57,0
479,4/24/2011,67,58,0
480,4/25/2011,70,55,0
481,4/26/2011,77,57,0
482,4/27/2011,85,58,0
483,4/28/2011,79,58,0
484,4/29/2011,74,57,0
485,4/30/2011,80,55,0
486,5/1/2011,83,58,0
487,5/2/2011,87,59,0
488,5/3/2011,93,62,0
489,5/4/2011,91,62,0
490,5/5/2011,84,57,0
491,5/6/2011,75,57,0
492,5/7/2011,70,58,0
493,5/8/2011,67,55,0
494,5/9/2011,69,55,0.03
495,5/10/2011,69,53,0
496,5/11/2011,73,56,0
497,5/12/2011,76,56,0
498,5/13/2011,74,58,0
499,5/14/2011,67,57,0
500,5/15/2011,66,53,0.07
501,5/16/2011,65,51,0
502,5/17/2011,66,51,0.18
503,5/18/2011,67,53,0.17
504,5/19/2011,70,56,0
505,5/20/2011,72,54,0
506,5/21/2011,73,55,0
507,5/22/2011,70,58,0
508,5/23/2011,68,56,0
509,5/24/2011,71,53,0
510,5/25/2011,75,56,0
511,5/26/2011,73,57,0
512,5/27/2011,75,57,0
513,5/28/2011,73,57,0
514,5/29/2011,73,56,0
515,5/30/2011,76,56,0
516,5/31/2011,72,54,0
517,6/1/2011,69,54,0
518,6/2/2011,74,55,0
519,6/3/2011,77,56,0
520,6/4/2011,71,57,0
521,6/5/2011,74,56,0
522,6/6/2011,71,57,0
523,6/7/2011,74,57,0
524,6/8/2011,70,59,0
525,6/9/2011,69,58,0
526,6/10/2011,69,59,0
527,6/11/2011,69,59,0
528,6/12/2011,71,59,0
529,6/13/2011,73,59,0
530,6/14/2011,76,58,0
531,6/15/2011,78,58,0
532,6/16/2011,71,61,0
533,6/17/2011,72,60,0.01
534,6/18/2011,74,60,0
535,6/19/2011,69,60,0
536,6/20/2011,77,60,0
537,6/21/2011,80,60,0
538,6/22/2011,77,61,0
539,6/23/2011,79,61,0
540,6/24/2011,77,62,0
541,6/25/2011,77,61,0
542,6/26/2011,80,59,0
543,6/27/2011,82,60,0
544,6/28/2011,78,62,0
545,6/29/2011,75,62,0
546,6/30/2011,81,60,0
547,7/1/2011,85,63,0
548,7/2/2011,84,65,0
549,7/3/2011,81,63,0
550,7/4/2011,88,63,0
551,7/5/2011,89,68,0
552,7/6/2011,85,68,0
553,7/7/2011,88,68,0
554,7/8/2011,84,66,0
555,7/9/2011,81,65,0
556,7/10/2011,79,64,0
557,7/11/2011,79,63,0
558,7/12/2011,76,64,0
559,7/13/2011,76,63,0
560,7/14/2011,74,62,0
561,7/15/2011,78,62,0
562,7/16/2011,77,60,0
563,7/17/2011,78,60,0
564,7/18/2011,82,62,0
565,7/19/2011,86,63,0
566,7/20/2011,80,60,0
567,7/21/2011,78,61,0
568,7/22/2011,78,62,0
569,7/23/2011,79,62,0
570,7/24/2011,77,60,0
571,7/25/2011,84,65,0
572,7/26/2011,84,65,0
573,7/27/2011,78,66,0
574,7/28/2011,79,65,0
575,7/29/2011,76,64,0
576,7/30/2011,76,63,0
577,7/31/2011,82,64,0
578,8/1/2011,86,64,0
579,8/2/2011,85,65,0
580,8/3/2011,85,61,0
581,8/4/2011,83,59,0
582,8/5/2011,79,60,0
583,8/6/2011,80,59,0
584,8/7/2011,80,59,0
585,8/8/2011,81,61,0
586,8/9/2011,80,62,0
587,8/10/2011,77,64,0
588,8/11/2011,76,63,0
589,8/12/2011,76,62,0
590,8/13/2011,78,62,0
591,8/14/2011,78,63,0
592,8/15/2011,82,63,0
593,8/16/2011,80,62,0
594,8/17/2011,81,61,0
595,8/18/2011,82,62,0
596,8/19/2011,77,64,0
597,8/20/2011,79,63,0
598,8/21/2011,79,62,0
599,8/22/2011,79,61,0
600,8/23/2011,83,63,0
601,8/24/2011,82,63,0
602,8/25/2011,90,65,0
603,8/26/2011,92,69,0
604,8/27/2011,93,69,0
605,8/28/2011,87,68,0
606,8/29/2011,85,66,0
607,8/30/2011,79,62,0
608,8/31/2011,78,59,0
609,9/1/2011,77,59,0
610,9/2/2011,76,58,0
611,9/3/2011,76,57,0
612,9/4/2011,77,59,0
613,9/5/2011,88,64,0
614,9/6/2011,97,66,0
615,9/7/2011,96,70,0
616,9/8/2011,92,69,0
617,9/9/2011,81,64,0
618,9/10/2011,75,63,0
619,9/11/2011,78,63,0
620,9/12/2011,80,60,0
621,9/13/2011,80,63,0
622,9/14/2011,77,62,0
623,9/15/2011,79,62,0
624,9/16/2011,70,64,0
625,9/17/2011,74,62,0
626,9/18/2011,78,58,0
627,9/19/2011,74,60,0
628,9/20/2011,78,61,0
629,9/21/2011,78,61,0
630,9/22/2011,83,60,0
631,9/23/2011,79,61,0
632,9/24/2011,71,63,0
633,9/25/2011,71,61,0
634,9/26/2011,75,61,0
635,9/27/2011,84,61,0
636,9/28/2011,76,64,0
637,9/29/2011,79,62,0
638,9/30/2011,74,62,0
639,10/1/2011,85,60,0
640,10/2/2011,82,63,0
641,10/3/2011,78,61,0
642,10/4/2011,70,61,0
643,10/5/2011,64,56,1.15
644,10/6/2011,69,51,0
645,10/7/2011,72,53,0
646,10/8/2011,76,54,0
647,10/9/2011,82,56,0
648,10/10/2011,78,56,0
649,10/11/2011,81,58,0
650,10/12/2011,99,63,0
651,10/13/2011,98,68,0
652,10/14/2011,84,63,0
653,10/15/2011,74,61,0
654,10/16/2011,75,59,0
655,10/17/2011,81,58,0
656,10/18/2011,71,58,0
657,10/19/2011,70,60,0
658,10/20/2011,70,60,0
659,10/21/2011,70,58,0
660,10/22/2011,79,54,0
661,10/23/2011,75,58,0
662,10/24/2011,68,59,0
663,10/25/2011,65,58,0.02
664,10/26/2011,68,55,0
665,10/27/2011,77,50,0
666,10/28/2011,79,51,0
667,10/29/2011,81,51,0
668,10/30/2011,84,52,0
669,10/31/2011,73,53,0
670,11/1/2011,71,55,0
671,11/2/2011,82,52,0
672,11/3/2011,73,52,0
673,11/4/2011,63,51,0.16
674,11/5/2011,63,46,0
675,11/6/2011,61,48,0.36
676,11/7/2011,64,44,0
677,11/8/2011,69,46,0
678,11/9/2011,76,45,0
679,11/10/2011,75,56,0
680,11/11/2011,72,58,0
681,11/12/2011,64,54,0.16
682,11/13/2011,72,53,0
683,11/14/2011,67,50,0
684,11/15/2011,66,55,0
685,11/16/2011,67,55,0
686,11/17/2011,73,51,0
687,11/18/2011,61,56,0
688,11/19/2011,63,54,0
689,11/20/2011,56,51,0.9
690,11/21/2011,62,46,0
691,11/22/2011,69,47,0
692,11/23/2011,66,47,0
693,11/24/2011,62,50,0
694,11/25/2011,66,47,0
695,11/26/2011,82,46,0
696,11/27/2011,82,54,0
697,11/28/2011,81,57,0
698,11/29/2011,80,55,0
699,11/30/2011,69,49,0
700,12/1/2011,67,51,0
701,12/2/2011,64,47,0
702,12/3/2011,65,45,0
703,12/4/2011,63,39,0
704,12/5/2011,64,41,0
705,12/6/2011,63,37,0
706,12/7/2011,67,41,0
707,12/8/2011,67,42,0
708,12/9/2011,69,42,0
709,12/10/2011,70,45,0
710,12/11/2011,59,47,0
711,12/12/2011,53,48,0.79
712,12/13/2011,62,46,0.17
713,12/14/2011,61,45,0
714,12/15/2011,58,43,0.04
715,12/16/2011,68,40,0
716,12/17/2011,64,48,0.01
717,12/18/2011,63,47,0
718,12/19/2011,58,48,0
719,12/20/2011,64,45,0
720,12/21/2011,64,43,0
721,12/22/2011,65,44,0
722,12/23/2011,67,39,0
723,12/24/2011,71,40,0
724,12/25/2011,72,40,0
725,12/26/2011,71,42,0
726,12/27/2011,69,41,0
727,12/28/2011,76,44,0
728,12/29/2011,73,47,0
729,12/30/2011,66,46,0
730,12/31/2011,74,41,0
731,1/1/2012,82,46,0
732,1/2/2012,80,45,0
733,1/3/2012,79,50,0
734,1/4/2012,86,55,0
735,1/5/2012,82,55,0
736,1/6/2012,73,49,0
737,1/7/2012,64,49,0
738,1/8/2012,69,44,0
739,1/9/2012,74,46,0
740,1/10/2012,70,47,0
741,1/11/2012,67,47,0
742,1/12/2012,75,51,0
743,1/13/2012,76,44,0
744,1/14/2012,69,47,0
745,1/15/2012,63,46,0
746,1/16/2012,59,50,0
747,1/17/2012,59,43,0
748,1/18/2012,64,43,0
749,1/19/2012,64,42,0
750,1/20/2012,62,49,0
751,1/21/2012,63,49,0.68
752,1/22/2012,62,47,0
753,1/23/2012,54,47,0.62
754,1/24/2012,68,44,0
755,1/25/2012,79,48,0
756,1/26/2012,79,50,0
757,1/27/2012,78,53,0
758,1/28/2012,76,45,0
759,1/29/2012,77,47,0
760,1/30/2012,69,46,0
761,1/31/2012,66,50,0
762,2/1/2012,67,48,0
763,2/2/2012,67,49,0
764,2/3/2012,72,46,0
765,2/4/2012,72,47,0
766,2/5/2012,73,47,0
767,2/6/2012,71,48,0
768,2/7/2012,64,55,0.01
769,2/8/2012,75,49,0
770,2/9/2012,80,51,0
771,2/10/2012,71,50,0
772,2/11/2012,62,54,0.01
773,2/12/2012,63,51,0
774,2/13/2012,59,49,0.01
775,2/14/2012,61,44,0
776,2/15/2012,57,45,0.13
777,2/16/2012,69,41,0
778,2/17/2012,70,49,0
779,2/18/2012,64,48,0
780,2/19/2012,62,47,0
781,2/20/2012,62,48,0
782,2/21/2012,74,45,0
783,2/22/2012,77,49,0
784,2/23/2012,79,50,0
785,2/24/2012,72,51,0
786,2/25/2012,64,51,0
787,2/26/2012,64,50,0
788,2/27/2012,57,46,0
789,2/28/2012,58,42,0
790,2/29/2012,59,43,0
791,3/1/2012,62,49,0
792,3/2/2012,71,46,0
793,3/3/2012,76,48,0
794,3/4/2012,87,55,0
795,3/5/2012,81,52,0
796,3/6/2012,60,50,0
797,3/7/2012,63,47,0
798,3/8/2012,72,42,0
799,3/9/2012,82,47,0
800,3/10/2012,74,49,0
801,3/11/2012,65,52,0
802,3/12/2012,65,52,0
803,3/13/2012,63,51,0
804,3/14/2012,66,50,0
805,3/15/2012,64,53,0
806,3/16/2012,60,54,0
807,3/17/2012,56,44,0.75
808,3/18/2012,58,44,0.01
809,3/19/2012,60,45,0
810,3/20/2012,68,45,0
811,3/21/2012,74,49,0
812,3/22/2012,71,50,0
813,3/23/2012,66,53,0
814,3/24/2012,68,51,0
815,3/25/2012,58,47,0.91
816,3/26/2012,64,47,0.04
817,3/27/2012,65,47,0
818,3/28/2012,68,48,0
819,3/29/2012,68,54,0
820,3/30/2012,68,53,0
821,3/31/2012,64,50,0.04
822,4/1/2012,68,46,0
823,4/2/2012,79,50,0
824,4/3/2012,77,52,0
825,4/4/2012,72,53,0
826,4/5/2012,67,53,0
827,4/6/2012,72,49,0
828,4/7/2012,84,54,0
829,4/8/2012,81,50,0
830,4/9/2012,78,50,0
831,4/10/2012,70,49,0.15
832,4/11/2012,63,52,0.58
833,4/12/2012,65,49,0
834,4/13/2012,57,46,0.49
835,4/14/2012,62,44,0
836,4/15/2012,67,51,0
837,4/16/2012,77,50,0
838,4/17/2012,81,55,0
839,4/18/2012,76,55,0
840,4/19/2012,73,56,0
841,4/20/2012,81,56,0
842,4/21/2012,75,57,0
843,4/22/2012,69,56,0
844,4/23/2012,62,55,0
845,4/24/2012,72,54,0
846,4/25/2012,85,58,0.2
847,4/26/2012,68,57,0.29
848,4/27/2012,71,55,0
849,4/28/2012,77,54,0
850,4/29/2012,76,58,0
851,4/30/2012,69,58,0
852,5/1/2012,62,57,0
853,5/2/2012,65,58,0
854,5/3/2012,68,57,0
855,5/4/2012,69,54,0
856,5/5/2012,74,55,0
857,5/6/2012,74,59,0
858,5/7/2012,75,59,0
859,5/8/2012,71,57,0
860,5/9/2012,80,57,0
861,5/10/2012,74,59,0
862,5/11/2012,73,58,0
863,5/12/2012,71,58,0
864,5/13/2012,70,57,0
865,5/14/2012,76,55,0
866,5/15/2012,73,56,0
867,5/16/2012,81,58,0
868,5/17/2012,77,60,0
869,5/18/2012,71,58,0
870,5/19/2012,73,60,0
871,5/20/2012,76,58,0
872,5/21/2012,79,59,0
873,5/22/2012,77,59,0
874,5/23/2012,73,62,0
875,5/24/2012,73,61,0
876,5/25/2012,66,56,0.01
877,5/26/2012,67,54,0
878,5/27/2012,72,55,0
879,5/28/2012,78,57,0
880,5/29/2012,79,60,0
881,5/30/2012,74,58,0
882,5/31/2012,78,59,0
883,6/1/2012,77,60,0
884,6/2/2012,74,61,0
885,6/3/2012,74,62,0
886,6/4/2012,70,61,0
887,6/5/2012,75,59,0
888,6/6/2012,75,58,0
889,6/7/2012,80,62,0
890,6/8/2012,77,61,0
891,6/9/2012,73,61,0
892,6/10/2012,76,61,0
893,6/11/2012,74,61,0
894,6/12/2012,73,61,0
895,6/13/2012,74,62,0
896,6/14/2012,73,61,0
897,6/15/2012,73,61,0
898,6/16/2012,75,62,0
899,6/17/2012,77,60,0
900,6/18/2012,73,60,0
901,6/19/2012,74,60,0
902,6/20/2012,73,61,0
903,6/21/2012,74,61,0
904,6/22/2012,74,60,0
905,6/23/2012,74,59,0
906,6/24/2012,80,59,0
907,6/25/2012,79,58,0
908,6/26/2012,80,58,0
909,6/27/2012,82,59,0
910,6/28/2012,79,60,0
911,6/29/2012,79,60,0
912,6/30/2012,80,60,0
913,7/1/2012,77,62,0
914,7/2/2012,78,62,0
915,7/3/2012,76,63,0
916,7/4/2012,73,62,0
917,7/5/2012,74,62,0
918,7/6/2012,76,61,0
919,7/7/2012,74,58,0
920,7/8/2012,76,57,0
921,7/9/2012,82,59,0
922,7/10/2012,85,63,0
923,7/11/2012,87,62,0
924,7/12/2012,80,64,0.01
925,7/13/2012,85,65,0
926,7/14/2012,83,61,0
927,7/15/2012,79,63,0
928,7/16/2012,75,62,0
929,7/17/2012,77,62,0
930,7/18/2012,79,61,0
931,7/19/2012,92,66,0
932,7/20/2012,86,65,0
933,7/21/2012,83,64,0
934,7/22/2012,80,63,0
935,7/23/2012,77,60,0
936,7/24/2012,78,60,0
937,7/25/2012,78,60,0
938,7/26/2012,76,60,0
939,7/27/2012,77,60,0
940,7/28/2012,79,59,0
941,7/29/2012,79,60,0
942,7/30/2012,79,62,0
943,7/31/2012,82,62,0
944,8/1/2012,80,63,0
945,8/2/2012,82,61,0
946,8/3/2012,78,63,0
947,8/4/2012,79,63,0
948,8/5/2012,79,62,0
949,8/6/2012,86,65,0
950,8/7/2012,91,67,0
951,8/8/2012,89,68,0
952,8/9/2012,90,68,0
953,8/10/2012,89,67,0
954,8/11/2012,92,70,0
955,8/12/2012,92,71,0
956,8/13/2012,90,69,0
957,8/14/2012,88,68,0
958,8/15/2012,84,66,0
959,8/16/2012,89,66,0
960,8/17/2012,93,70,0
961,8/18/2012,94,71,0
962,8/19/2012,91,71,0
963,8/20/2012,90,70,0
964,8/21/2012,86,69,0
965,8/22/2012,83,66,0
966,8/23/2012,79,66,0
967,8/24/2012,82,66,0
968,8/25/2012,77,65,0
969,8/26/2012,79,64,0
970,8/27/2012,86,61,0
971,8/28/2012,90,67,0
972,8/29/2012,92,72,0
973,8/30/2012,90,71,0
974,8/31/2012,86,68,0
975,9/1/2012,88,63,0
976,9/2/2012,87,61,0
977,9/3/2012,85,63,0
978,9/4/2012,91,65,0
979,9/5/2012,84,69,0
980,9/6/2012,88,68,0
981,9/7/2012,84,69,0
982,9/8/2012,88,67,0
983,9/9/2012,90,69,0
984,9/10/2012,89,73,0
985,9/11/2012,80,68,0
986,9/12/2012,80,67,0
987,9/13/2012,82,67,0
988,9/14/2012,100,67,0
989,9/15/2012,103,72,0
990,9/16/2012,88,69,0
991,9/17/2012,82,65,0
992,9/18/2012,83,63,0
993,9/19/2012,83,64,0
994,9/20/2012,89,65,0
995,9/21/2012,91,67,0
996,9/22/2012,90,68,0
997,9/23/2012,94,67,0
998,9/24/2012,84,64,0
999,9/25/2012,79,61,0
1000,9/26/2012,78,62,0
1001,9/27/2012,80,62,0
1002,9/28/2012,84,63,0
1003,9/29/2012,85,64,0
1004,9/30/2012,93,64,0
1005,10/1/2012,95,66,0
1006,10/2/2012,93,68,0
1007,10/3/2012,83,63,0
1008,10/4/2012,76,62,0
1009,10/5/2012,77,62,0
1010,10/6/2012,79,62,0
1011,10/7/2012,80,63,0
1012,10/8/2012,77,63,0
1013,10/9/2012,76,63,0
1014,10/10/2012,75,60,0
1015,10/11/2012,75,58,0.01
1016,10/12/2012,72,55,0
1017,10/13/2012,77,57,0
1018,10/14/2012,92,59,0
1019,10/15/2012,93,65,0
1020,10/16/2012,91,62,0
1021,10/17/2012,97,64,0
1022,10/18/2012,81,67,0
1023,10/19/2012,79,64,0
1024,10/20/2012,73,65,0
1025,10/21/2012,74,64,0
1026,10/22/2012,72,63,0
1027,10/23/2012,71,60,0.01
1028,10/24/2012,75,57,0
1029,10/25/2012,85,62,0
1030,10/26/2012,86,58,0
1031,10/27/2012,91,59,0
1032,10/28/2012,89,58,0
1033,10/29/2012,84,57,0
1034,10/30/2012,76,54,0
1035,10/31/2012,71,57,0
1036,11/1/2012,70,56,0
1037,11/2/2012,71,58,0
1038,11/3/2012,77,54,0
1039,11/4/2012,90,54,0
1040,11/5/2012,94,59,0
1041,11/6/2012,84,58,0
1042,11/7/2012,71,59,0
1043,11/8/2012,68,59,0.01
1044,11/9/2012,65,51,0
1045,11/10/2012,64,45,0
1046,11/11/2012,67,44,0
1047,11/12/2012,74,43,0
1048,11/13/2012,84,52,0
1049,11/14/2012,80,53,0
1050,11/15/2012,68,54,0.01
1051,11/16/2012,71,56,0.03
1052,11/17/2012,68,60,0.28
1053,11/18/2012,70,57,0
1054,11/19/2012,70,53,0
1055,11/20/2012,72,50,0
1056,11/21/2012,69,51,0
1057,11/22/2012,73,53,0
1058,11/23/2012,78,49,0
1059,11/24/2012,86,49,0
1060,11/25/2012,71,53,0
1061,11/26/2012,68,53,0
1062,11/27/2012,70,51,0
1063,11/28/2012,68,56,0.03
1064,11/29/2012,64,58,0.21
1065,11/30/2012,66,61,0.46
1066,12/1/2012,67,59,0.03
1067,12/2/2012,66,59,0.08
1068,12/3/2012,69,57,0.19
1069,12/4/2012,68,55,0
1070,12/5/2012,66,50,0
1071,12/6/2012,68,54,0
1072,12/7/2012,68,51,0
1073,12/8/2012,67,50,0
1074,12/9/2012,68,53,0
1075,12/10/2012,74,49,0
1076,12/11/2012,72,48,0
1077,12/12/2012,62,55,0.04
1078,12/13/2012,62,49,0.03
1079,12/14/2012,59,43,0.08
1080,12/15/2012,62,45,0
1081,12/16/2012,55,52,0.04
1082,12/17/2012,64,55,0
1083,12/18/2012,63,54,0.43
1084,12/19/2012,63,45,0
1085,12/20/2012,67,41,0
1086,12/21/2012,66,44,0
1087,12/22/2012,63,42,0
1088,12/23/2012,65,53,0
1089,12/24/2012,64,49,0.46
1090,12/25/2012,62,47,0
1091,12/26/2012,63,49,0.33
1092,12/27/2012,63,48,0
1093,12/28/2012,64,43,0
1094,12/29/2012,53,43,0.45
1095,12/30/2012,59,39,0
1096,12/31/2012,60,39,0
1097,1/1/2013,61,43,0
1098,1/2/2013,65,40,0
1099,1/3/2013,71,39,0
1100,1/4/2013,68,43,0
1101,1/5/2013,67,41,0
1102,1/6/2013,59,46,0.12
1103,1/7/2013,69,44,0
1104,1/8/2013,73,43,0
1105,1/9/2013,69,46,0
1106,1/10/2013,59,45,0.03
1107,1/11/2013,56,44,0
1108,1/12/2013,57,39,0
1109,1/13/2013,58,37,0
1110,1/14/2013,58,34,0
1111,1/15/2013,61,36,0
1112,1/16/2013,69,38,0
1113,1/17/2013,78,42,0
1114,1/18/2013,79,50,0
1115,1/19/2013,79,50,0
1116,1/20/2013,81,48,0
1117,1/21/2013,81,45,0
1118,1/22/2013,81,51,0
1119,1/23/2013,78,54,0.02
1120,1/24/2013,66,55,0.79
1121,1/25/2013,67,59,0.17
1122,1/26/2013,68,55,0.02
1123,1/27/2013,62,51,0.03
1124,1/28/2013,61,48,0
1125,1/29/2013,61,45,0
1126,1/30/2013,70,45,0
1127,1/31/2013,78,47,0
1128,2/1/2013,76,50,0
1129,2/2/2013,75,56,0
1130,2/3/2013,77,56,0
1131,2/4/2013,70,50,0
1132,2/5/2013,60,54,0
1133,2/6/2013,64,50,0
1134,2/7/2013,61,45,0
1135,2/8/2013,55,44,0.02
1136,2/9/2013,59,39,0
1137,2/10/2013,58,44,0
1138,2/11/2013,63,43,0
1139,2/12/2013,65,41,0
1140,2/13/2013,69,42,0
1141,2/14/2013,75,45,0
1142,2/15/2013,81,47,0
1143,2/16/2013,82,53,0
1144,2/17/2013,70,47,0
1145,2/18/2013,64,53,0
1146,2/19/2013,57,47,0.18
1147,2/20/2013,61,41,0
1148,2/21/2013,62,46,0
1149,2/22/2013,68,43,0
1150,2/23/2013,64,44,0
1151,2/24/2013,68,47,0
1152,2/25/2013,71,44,0
1153,2/26/2013,74,43,0
1154,2/27/2013,76,47,0
1155,2/28/2013,80,49,0
1156,3/1/2013,85,50,0
1157,3/2/2013,84,57,0
1158,3/3/2013,71,54,0
1159,3/4/2013,68,53,0
1160,3/5/2013,65,52,0
1161,3/6/2013,63,50,0.01
1162,3/7/2013,64,53,0.02
1163,3/8/2013,60,46,0.49
1164,3/9/2013,65,46,0
1165,3/10/2013,71,46,0
1166,3/11/2013,77,48,0
1167,3/12/2013,76,49,0
1168,3/13/2013,85,50,0
1169,3/14/2013,77,52,0
1170,3/15/2013,77,53,0
1171,3/16/2013,68,53,0
1172,3/17/2013,66,53,0
1173,3/18/2013,66,54,0
1174,3/19/2013,67,52,0
1175,3/20/2013,69,54,0
1176,3/21/2013,72,55,0
1177,3/22/2013,72,55,0
1178,3/23/2013,72,55,0
1179,3/24/2013,77,54,0
1180,3/25/2013,75,52,0
1181,3/26/2013,71,54,0
1182,3/27/2013,71,54,0
1183,3/28/2013,73,55,0
1184,3/29/2013,72,56,0
1185,3/30/2013,71,55,0
1186,3/31/2013,67,54,0.02
1187,4/1/2013,67,52,0
1188,4/2/2013,71,54,0
1189,4/3/2013,76,55,0
1190,4/4/2013,69,56,0
1191,4/5/2013,70,57,0
1192,4/6/2013,71,57,0
1193,4/7/2013,73,57,0
1194,4/8/2013,69,57,0
1195,4/9/2013,76,54,0
1196,4/10/2013,80,52,0
1197,4/11/2013,76,54,0
1198,4/12/2013,70,56,0
1199,4/13/2013,64,56,0
1200,4/14/2013,65,56,0
1201,4/15/2013,65,53,0
1202,4/16/2013,67,50,0
1203,4/17/2013,76,54,0
1204,4/18/2013,78,51,0
1205,4/19/2013,84,55,0
1206,4/20/2013,84,56,0
1207,4/21/2013,80,57,0
1208,4/22/2013,72,57,0
1209,4/23/2013,73,58,0
1210,4/24/2013,63,58,0
1211,4/25/2013,71,57,0
1212,4/26/2013,74,56,0
1213,4/27/2013,72,55,0
1214,4/28/2013,74,58,0
1215,4/29/2013,74,58,0
1216,4/30/2013,68,59,0
1217,5/1/2013,75,59,0
1218,5/2/2013,88,55,0
1219,5/3/2013,93,60,0
1220,5/4/2013,74,61,0
1221,5/5/2013,67,59,0.01
1222,5/6/2013,67,57,0.69
1223,5/7/2013,71,58,0.01
1224,5/8/2013,70,59,0
1225,5/9/2013,73,58,0
1226,5/10/2013,75,59,0
1227,5/11/2013,85,60,0
1228,5/12/2013,84,59,0
1229,5/13/2013,93,66,0
1230,5/14/2013,76,60,0
1231,5/15/2013,74,59,0
1232,5/16/2013,71,60,0
1233,5/17/2013,73,61,0
1234,5/18/2013,74,59,0
1235,5/19/2013,75,60,0
1236,5/20/2013,81,62,0
1237,5/21/2013,79,63,0
1238,5/22/2013,75,63,0
1239,5/23/2013,72,61,0
1240,5/24/2013,73,59,0
1241,5/25/2013,72,60,0
1242,5/26/2013,73,58,0
1243,5/27/2013,75,61,0
1244,5/28/2013,77,62,0
1245,5/29/2013,78,63,0
1246,5/30/2013,80,62,0
1247,5/31/2013,78,63,0
1248,6/1/2013,80,63,0
1249,6/2/2013,76,65,0
1250,6/3/2013,75,63,0
1251,6/4/2013,73,62,0
1252,6/5/2013,72,61,0
1253,6/6/2013,72,61,0
1254,6/7/2013,71,61,0
1255,6/8/2013,75,63,0
1256,6/9/2013,76,62,0
1257,6/10/2013,76,62,0
1258,6/11/2013,80,61,0
1259,6/12/2013,72,62,0
1260,6/13/2013,76,61,0
1261,6/14/2013,77,60,0
1262,6/15/2013,76,63,0
1263,6/16/2013,79,61,0
1264,6/17/2013,76,59,0
1265,6/18/2013,79,61,0
1266,6/19/2013,75,60,0
1267,6/20/2013,78,60,0
1268,6/21/2013,81,62,0
1269,6/22/2013,79,64,0
1270,6/23/2013,75,64,0
1271,6/24/2013,74,63,0
1272,6/25/2013,74,64,0
1273,6/26/2013,82,63,0
1274,6/27/2013,90,66,0
1275,6/28/2013,87,65,0
1276,6/29/2013,90,66,0
1277,6/30/2013,94,69,0
1278,7/1/2013,92,67,0
1279,7/2/2013,83,67,0
1280,7/3/2013,83,65,0
1281,7/4/2013,82,65,0
1282,7/5/2013,80,64,0
1283,7/6/2013,81,66,0
1284,7/7/2013,77,65,0
1285,7/8/2013,83,63,0
1286,7/9/2013,87,64,0
1287,7/10/2013,83,67,0
1288,7/11/2013,76,68,0.04
1289,7/12/2013,85,63,0
1290,7/13/2013,81,62,0
1291,7/14/2013,84,63,0
1292,7/15/2013,83,64,0
1293,7/16/2013,82,61,0
1294,7/17/2013,85,62,0
1295,7/18/2013,83,62,0
1296,7/19/2013,80,63,0
1297,7/20/2013,80,67,0
1298,7/21/2013,75,66,0
1299,7/22/2013,83,66,0.01
1300,7/23/2013,79,64,0
1301,7/24/2013,77,63,0
1302,7/25/2013,79,62,0
1303,7/26/2013,80,64,0.04
1304,7/27/2013,79,62,0
1305,7/28/2013,76,63,0
1306,7/29/2013,77,63,0
1307,7/30/2013,76,62,0
1308,7/31/2013,73,62,0
1309,8/1/2013,74,62,0
1310,8/2/2013,76,62,0
1311,8/3/2013,78,63,0
1312,8/4/2013,76,62,0
1313,8/5/2013,79,60,0
1314,8/6/2013,77,61,0
1315,8/7/2013,78,61,0
1316,8/8/2013,79,60,0
1317,8/9/2013,78,61,0
1318,8/10/2013,77,62,0
1319,8/11/2013,79,61,0
1320,8/12/2013,79,62,0
1321,8/13/2013,81,62,0
1322,8/14/2013,82,65,0
1323,8/15/2013,83,64,0
1324,8/16/2013,85,64,0
1325,8/17/2013,81,63,0
1326,8/18/2013,80,61,0
1327,8/19/2013,80,64,0
1328,8/20/2013,78,62,0
1329,8/21/2013,81,63,0
1330,8/22/2013,85,63,0
1331,8/23/2013,86,63,0
1332,8/24/2013,80,61,0
1333,8/25/2013,80,58,0
1334,8/26/2013,89,63,0
1335,8/27/2013,87,67,0
1336,8/28/2013,89,65,0
1337,8/29/2013,96,67,0
1338,8/30/2013,95,73,0
1339,8/31/2013,89,74,0
1340,9/1/2013,86,70,0
1341,9/2/2013,85,68,0
1342,9/3/2013,92,70,0
1343,9/4/2013,92,71,0
1344,9/5/2013,93,71,0
1345,9/6/2013,95,70,0
1346,9/7/2013,95,69,0
1347,9/8/2013,84,64,0
1348,9/9/2013,77,61,0
1349,9/10/2013,77,61,0
1350,9/11/2013,77,61,0
1351,9/12/2013,80,61,0
1352,9/13/2013,82,62,0
1353,9/14/2013,84,64,0
1354,9/15/2013,89,64,0
1355,9/16/2013,87,64,0
1356,9/17/2013,80,60,0
1357,9/18/2013,79,63,0
1358,9/19/2013,79,61,0
1359,9/20/2013,72,66,0
1360,9/21/2013,76,63,0
1361,9/22/2013,76,60,0
1362,9/23/2013,91,60,0
1363,9/24/2013,85,63,0
1364,9/25/2013,77,62,0
1365,9/26/2013,77,62,0
1366,9/27/2013,83,57,0
1367,9/28/2013,89,60,0
1368,9/29/2013,87,57,0
1369,9/30/2013,83,59,0
1370,10/1/2013,82,60,0
1371,10/2/2013,76,63,0
1372,10/3/2013,74,62,0
1373,10/4/2013,87,62,0
1374,10/5/2013,91,57,0
1375,10/6/2013,93,59,0
1376,10/7/2013,85,60,0
1377,10/8/2013,75,59,0
1378,10/9/2013,64,55,0.04
1379,10/10/2013,70,53,0
1380,10/11/2013,74,53,0
1381,10/12/2013,76,56,0
1382,10/13/2013,72,60,0
1383,10/14/2013,82,56,0
1384,10/15/2013,87,57,0
1385,10/16/2013,86,58,0
1386,10/17/2013,84,57,0
1387,10/18/2013,83,57,0
1388,10/19/2013,84,56,0
1389,10/20/2013,76,57,0
1390,10/21/2013,75,56,0
1391,10/22/2013,72,55,0
1392,10/23/2013,69,59,0
1393,10/24/2013,70,58,0
1394,10/25/2013,71,57,0
1395,10/26/2013,76,58,0
1396,10/27/2013,73,57,0
1397,10/28/2013,67,56,0.02
1398,10/29/2013,68,53,0
1399,10/30/2013,71,51,0
1400,10/31/2013,80,53,0
1401,11/1/2013,86,54,0
1402,11/2/2013,84,56,0
1403,11/3/2013,71,60,0
1404,11/4/2013,69,57,0
1405,11/5/2013,77,52,0
1406,11/6/2013,82,50,0
1407,11/7/2013,86,58,0
1408,11/8/2013,79,53,0
1409,11/9/2013,77,54,0
1410,11/10/2013,83,52,0
1411,11/11/2013,77,52,0
1412,11/12/2013,76,56,0
1413,11/13/2013,92,58,0
1414,11/14/2013,91,59,0
1415,11/15/2013,69,60,0
1416,11/16/2013,69,57,0
1417,11/17/2013,69,54,0
1418,11/18/2013,68,53,0
1419,11/19/2013,67,57,0
1420,11/20/2013,65,58,0.05
1421,11/21/2013,65,57,0.29
1422,11/22/2013,67,53,0.05
1423,11/23/2013,67,50,0
1424,11/24/2013,68,48,0
1425,11/25/2013,72,48,0
1426,11/26/2013,76,51,0
1427,11/27/2013,75,54,0
1428,11/28/2013,70,51,0
1429,11/29/2013,63,55,0.23
1430,11/30/2013,74,51,0
1431,12/1/2013,80,52,0
1432,12/2/2013,74,52,0
1433,12/3/2013,66,50,0
1434,12/4/2013,63,48,0
1435,12/5/2013,61,44,0
1436,12/6/2013,60,42,0
1437,12/7/2013,59,44,0.09
1438,12/8/2013,57,40,0
1439,12/9/2013,62,39,0
1440,12/10/2013,66,39,0
1441,12/11/2013,73,43,0
1442,12/12/2013,69,47,0
1443,12/13/2013,65,44,0
1444,12/14/2013,74,43,0
1445,12/15/2013,80,44,0
1446,12/16/2013,85,60,0
1447,12/17/2013,82,58,0
1448,12/18/2013,71,57,0
1449,12/19/2013,57,47,0.11
1450,12/20/2013,65,44,0
1451,12/21/2013,61,46,0
1452,12/22/2013,69,45,0
1453,12/23/2013,75,48,0
1454,12/24/2013,79,51,0
1455,12/25/2013,82,47,0
1456,12/26/2013,80,46,0
1457,12/27/2013,85,49,0
1458,12/28/2013,73,51,0
1459,12/29/2013,76,44,0
1460,12/30/2013,75,47,0
1461,12/31/2013,72,44,0
1462,1/1/2014,71,44,0
1463,1/2/2014,81,52,0
1464,1/3/2014,72,48,0
1465,1/4/2014,69,50,0
1466,1/5/2014,77,45,0
1467,1/6/2014,78,49,0
1468,1/7/2014,69,48,0
1469,1/8/2014,68,47,0
1470,1/9/2014,63,51,0
1471,1/10/2014,70,47,0
1472,1/11/2014,73,48,0
1473,1/12/2014,71,50,0
1474,1/13/2014,80,46,0
1475,1/14/2014,82,48,0
1476,1/15/2014,85,48,0
1477,1/16/2014,85,49,0
1478,1/17/2014,85,52,0
1479,1/18/2014,84,52,0
1480,1/19/2014,80,48,0
1481,1/20/2014,81,47,0
1482,1/21/2014,78,54,0
1483,1/22/2014,77,54,0
1484,1/23/2014,72,51,0
1485,1/24/2014,73,55,0
1486,1/25/2014,77,56,0
1487,1/26/2014,69,52,0
1488,1/27/2014,69,52,0
1489,1/28/2014,70,49,0
1490,1/29/2014,70,52,0
1491,1/30/2014,63,57,0
1492,1/31/2014,65,53,0
1493,2/1/2014,66,50,0
1494,2/2/2014,63,47,0.14
1495,2/3/2014,63,46,0
1496,2/4/2014,63,48,0
1497,2/5/2014,64,48,0
1498,2/6/2014,60,52,0.09
1499,2/7/2014,63,50,0
1500,2/8/2014,66,52,0
1501,2/9/2014,67,54,0
1502,2/10/2014,73,53,0
1503,2/11/2014,75,54,0
1504,2/12/2014,80,51,0
1505,2/13/2014,80,52,0
1506,2/14/2014,79,50,0
1507,2/15/2014,78,51,0
1508,2/16/2014,75,54,0
1509,2/17/2014,71,50,0
1510,2/18/2014,68,56,0
1511,2/19/2014,66,54,0
1512,2/20/2014,82,51,0
1513,2/21/2014,79,55,0
1514,2/22/2014,76,51,0
1515,2/23/2014,73,49,0
1516,2/24/2014,73,52,0
1517,2/25/2014,71,56,0
1518,2/26/2014,67,57,0.06
1519,2/27/2014,71,56,1.05
1520,2/28/2014,62,56,2.24
1521,3/1/2014,61,54,1
1522,3/2/2014,62,54,0.17
1523,3/3/2014,68,51,0
1524,3/4/2014,69,54,0
1525,3/5/2014,72,54,0
1526,3/6/2014,72,57,0
1527,3/7/2014,71,56,0
1528,3/8/2014,81,51,0
1529,3/9/2014,84,58,0
1530,3/10/2014,80,56,0
1531,3/11/2014,78,54,0
1532,3/12/2014,80,54,0
1533,3/13/2014,71,57,0
1534,3/14/2014,71,52,0
1535,3/15/2014,81,54,0
1536,3/16/2014,90,56,0
1537,3/17/2014,74,56,0
1538,3/18/2014,75,58,0
1539,3/19/2014,79,56,0
1540,3/20/2014,73,55,0
1541,3/21/2014,67,55,0
1542,3/22/2014,68,56,0
1543,3/23/2014,69,53,0
1544,3/24/2014,66,58,0
1545,3/25/2014,65,57,0
1546,3/26/2014,66,55,0.01
1547,3/27/2014,69,51,0
1548,3/28/2014,71,56,0
1549,3/29/2014,76,53,0
1550,3/30/2014,72,56,0
1551,3/31/2014,68,54,0
1552,4/1/2014,63,50,0.25
1553,4/2/2014,62,49,0.04
1554,4/3/2014,68,49,0
1555,4/4/2014,65,53,0
1556,4/5/2014,67,54,0
1557,4/6/2014,78,52,0
1558,4/7/2014,85,55,0
1559,4/8/2014,88,58,0
1560,4/9/2014,89,57,0
1561,4/10/2014,81,50,0
1562,4/11/2014,79,55,0
1563,4/12/2014,67,57,0
1564,4/13/2014,67,56,0
1565,4/14/2014,77,53,0
1566,4/15/2014,72,55,0
1567,4/16/2014,73,57,0
1568,4/17/2014,71,59,0
1569,4/18/2014,73,61,0
1570,4/19/2014,72,57,0
1571,4/20/2014,75,59,0
1572,4/21/2014,76,57,0
1573,4/22/2014,69,58,0
1574,4/23/2014,71,56,0
1575,4/24/2014,79,55,0
1576,4/25/2014,71,54,0.06
1577,4/26/2014,68,50,0
1578,4/27/2014,71,55,0
1579,4/28/2014,77,57,0
1580,4/29/2014,92,59,0
1581,4/30/2014,91,62,0
1582,5/1/2014,92,63,0
1583,5/2/2014,96,62,0
1584,5/3/2014,89,63,0
1585,5/4/2014,81,59,0
1586,5/5/2014,72,57,0
1587,5/6/2014,68,56,0
1588,5/7/2014,68,57,0
1589,5/8/2014,71,57,0
1590,5/9/2014,72,56,0
1591,5/10/2014,72,58,0
1592,5/11/2014,86,58,0
1593,5/12/2014,90,59,0
1594,5/13/2014,94,65,0
1595,5/14/2014,99,63,0
1596,5/15/2014,102,71,0
1597,5/16/2014,95,68,0
1598,5/17/2014,85,63,0
1599,5/18/2014,75,63,0
1600,5/19/2014,74,61,0
1601,5/20/2014,70,57,0
1602,5/21/2014,71,59,0
1603,5/22/2014,71,57,0
1604,5/23/2014,70,61,0
1605,5/24/2014,69,61,0
1606,5/25/2014,75,62,0
1607,5/26/2014,79,61,0
1608,5/27/2014,80,62,0
1609,5/28/2014,79,65,0
1610,5/29/2014,78,63,0
1611,5/30/2014,78,60,0
1612,5/31/2014,80,61,0
1613,6/1/2014,80,61,0
1614,6/2/2014,75,60,0
1615,6/3/2014,79,58,0
1616,6/4/2014,78,59,0
1617,6/5/2014,78,59,0
1618,6/6/2014,75,60,0
1619,6/7/2014,74,61,0
1620,6/8/2014,77,60,0
1621,6/9/2014,76,59,0
1622,6/10/2014,74,63,0
1623,6/11/2014,76,62,0
1624,6/12/2014,74,61,0
1625,6/13/2014,73,60,0
1626,6/14/2014,75,59,0
1627,6/15/2014,74,61,0
1628,6/16/2014,73,61,0
1629,6/17/2014,78,59,0
1630,6/18/2014,77,59,0
1631,6/19/2014,76,59,0
1632,6/20/2014,80,60,0
1633,6/21/2014,81,62,0
1634,6/22/2014,77,63,0
1635,6/23/2014,77,63,0
1636,6/24/2014,79,63,0
1637,6/25/2014,76,63,0
1638,6/26/2014,76,64,0
1639,6/27/2014,78,64,0
1640,6/28/2014,80,64,0
1641,6/29/2014,79,64,0
1642,6/30/2014,77,64,0
1643,7/1/2014,79,66,0
1644,7/2/2014,80,64,0
1645,7/3/2014,85,65,0
1646,7/4/2014,87,65,0
1647,7/5/2014,89,67,0
1648,7/6/2014,87,67,0
1649,7/7/2014,89,66,0
1650,7/8/2014,86,68,0
1651,7/9/2014,82,67,0
1652,7/10/2014,85,66,0
1653,7/11/2014,80,65,0
1654,7/12/2014,82,65,0
1655,7/13/2014,82,67,0
1656,7/14/2014,80,68,0
1657,7/15/2014,82,69,0
1658,7/16/2014,81,66,0
1659,7/17/2014,80,65,0
1660,7/18/2014,79,64,0
1661,7/19/2014,75,66,0
1662,7/20/2014,80,66,0
1663,7/21/2014,81,66,0
1664,7/22/2014,85,65,0
1665,7/23/2014,88,65,0
1666,7/24/2014,92,65,0
1667,7/25/2014,88,69,0
1668,7/26/2014,86,68,0
1669,7/27/2014,84,67,0
1670,7/28/2014,88,68,0
1671,7/29/2014,88,68,0
1672,7/30/2014,90,68,0
1673,7/31/2014,87,67,0
1674,8/1/2014,85,66,0
1675,8/2/2014,90,65,0.02
1676,8/3/2014,85,72,0.02
1677,8/4/2014,87,65,0
1678,8/5/2014,82,63,0
1679,8/6/2014,77,63,0
1680,8/7/2014,81,64,0
1681,8/8/2014,82,65,0
1682,8/9/2014,82,67,0
1683,8/10/2014,85,66,0
1684,8/11/2014,85,65,0
1685,8/12/2014,84,66,0
1686,8/13/2014,81,65,0
1687,8/14/2014,83,65,0
1688,8/15/2014,89,63,0
1689,8/16/2014,90,66,0
1690,8/17/2014,89,66,0
1691,8/18/2014,86,65,0
1692,8/19/2014,82,69,0
1693,8/20/2014,84,67,0
1694,8/21/2014,80,65,0
1695,8/22/2014,81,66,0
1696,8/23/2014,85,66,0
1697,8/24/2014,83,67,0
1698,8/25/2014,80,64,0
1699,8/26/2014,84,65,0
1700,8/27/2014,91,66,0
1701,8/28/2014,91,68,0
1702,8/29/2014,90,65,0
1703,8/30/2014,89,65,0
1704,8/31/2014,87,69,0
1705,9/1/2014,85,70,0
1706,9/2/2014,84,68,0
1707,9/3/2014,83,67,0
1708,9/4/2014,80,66,0
1709,9/5/2014,83,66,0
1710,9/6/2014,86,65,0
1711,9/7/2014,92,68,0
1712,9/8/2014,88,71,0.01
1713,9/9/2014,91,68,0
1714,9/10/2014,87,64,0
1715,9/11/2014,89,67,0
1716,9/12/2014,91,68,0
1717,9/13/2014,94,69,0
1718,9/14/2014,98,71,0
1719,9/15/2014,94,73,0
1720,9/16/2014,103,76,0
1721,9/17/2014,96,72,0
1722,9/18/2014,81,67,0
1723,9/19/2014,82,67,0
1724,9/20/2014,78,66,0
1725,9/21/2014,79,65,0
1726,9/22/2014,80,63,0
1727,9/23/2014,84,63,0
1728,9/24/2014,88,62,0
1729,9/25/2014,85,67,0
1730,9/26/2014,83,65,0
1731,9/27/2014,77,63,0
1732,9/28/2014,79,64,0
1733,9/29/2014,78,61,0
1734,9/30/2014,85,64,0
1735,10/1/2014,82,64,0
1736,10/2/2014,98,64,0
1737,10/3/2014,98,67,0
1738,10/4/2014,97,65,0
1739,10/5/2014,95,65,0
1740,10/6/2014,92,64,0
1741,10/7/2014,93,64,0
1742,10/8/2014,87,63,0
1743,10/9/2014,80,67,0
1744,10/10/2014,79,64,0
1745,10/11/2014,81,64,0
1746,10/12/2014,81,67,0
1747,10/13/2014,82,65,0
1748,10/14/2014,76,66,0
1749,10/15/2014,78,63,0
1750,10/16/2014,77,61,0
1751,10/17/2014,76,62,0
1752,10/18/2014,78,61,0
1753,10/19/2014,77,62,0
1754,10/20/2014,79,63,0
1755,10/21/2014,78,64,0
1756,10/22/2014,84,60,0
1757,10/23/2014,85,60,0
1758,10/24/2014,88,59,0
1759,10/25/2014,80,61,0
1760,10/26/2014,78,61,0
1761,10/27/2014,77,62,0
1762,10/28/2014,78,59,0
1763,10/29/2014,85,59,0
1764,10/30/2014,81,60,0
1765,10/31/2014,71,60,0.25
1766,11/1/2014,67,55,0.18
1767,11/2/2014,70,51,0
1768,11/3/2014,77,52,0
1769,11/4/2014,77,51,0
1770,11/5/2014,85,53,0
1771,11/6/2014,90,61,0
1772,11/7/2014,89,60,0
1773,11/8/2014,89,59,0
1774,11/9/2014,77,58,0
1775,11/10/2014,70,62,0
1776,11/11/2014,69,62,0
1777,11/12/2014,70,58,0
1778,11/13/2014,70,55,0
1779,11/14/2014,73,60,0
1780,11/15/2014,72,58,0
1781,11/16/2014,74,55,0
1782,11/17/2014,76,53,0
1783,11/18/2014,77,52,0
1784,11/19/2014,74,53,0
1785,11/20/2014,70,53,0
1786,11/21/2014,73,55,0
1787,11/22/2014,73,52,0
1788,11/23/2014,80,57,0
1789,11/24/2014,80,53,0
1790,11/25/2014,80,52,0
1791,11/26/2014,85,53,0
1792,11/27/2014,89,58,0
1793,11/28/2014,81,53,0
1794,11/29/2014,74,51,0
1795,11/30/2014,66,60,0.3
1796,12/1/2014,69,57,0
1797,12/2/2014,66,58,1.21
1798,12/3/2014,67,59,0.31
1799,12/4/2014,71,57,0
1800,12/5/2014,69,57,0
1801,12/6/2014,71,55,0
1802,12/7/2014,76,54,0
1803,12/8/2014,78,55,0
1804,12/9/2014,76,54,0
1805,12/10/2014,73,53,0
1806,12/11/2014,67,60,0.01
1807,12/12/2014,65,52,1.6
1808,12/13/2014,66,48,0
1809,12/14/2014,66,47,0
1810,12/15/2014,65,47,0
1811,12/16/2014,60,54,0.41
1812,12/17/2014,65,51,0.15
1813,12/18/2014,62,48,0
1814,12/19/2014,66,49,0
1815,12/20/2014,64,50,0
1816,12/21/2014,68,50,0
1817,12/22/2014,75,50,0
1818,12/23/2014,83,51,0
1819,12/24/2014,75,53,0
1820,12/25/2014,65,50,0
1821,12/26/2014,63,42,0
1822,12/27/2014,63,39,0
1823,12/28/2014,63,43,0
1824,12/29/2014,63,41,0
1825,12/30/2014,56,47,0.19
1826,12/31/2014,57,41,0
1827,1/1/2015,59,37,0
1828,1/2/2015,61,39,0
1829,1/3/2015,63,40,0
1830,1/4/2015,69,42,0
1831,1/5/2015,81,50,0
1832,1/6/2015,84,57,0
1833,1/7/2015,85,53,0
1834,1/8/2015,75,51,0
1835,1/9/2015,72,56,0
1836,1/10/2015,63,52,0.48
1837,1/11/2015,63,56,0.5
1838,1/12/2015,66,53,0
1839,1/13/2015,68,54,0
1840,1/14/2015,73,47,0
1841,1/15/2015,76,51,0
1842,1/16/2015,77,50,0
1843,1/17/2015,78,50,0
1844,1/18/2015,75,53,0
1845,1/19/2015,72,50,0
1846,1/20/2015,63,53,0
1847,1/21/2015,71,54,0
1848,1/22/2015,75,47,0
1849,1/23/2015,75,50,0
1850,1/24/2015,82,49,0
1851,1/25/2015,83,48,0
1852,1/26/2015,80,57,0.08
1853,1/27/2015,74,57,0
1854,1/28/2015,75,56,0
1855,1/29/2015,75,60,0
1856,1/30/2015,70,59,0.03
1857,1/31/2015,71,56,0
1858,2/1/2015,76,49,0
1859,2/2/2015,78,51,0
1860,2/3/2015,72,51,0
1861,2/4/2015,72,56,0
1862,2/5/2015,82,53,0
1863,2/6/2015,75,54,0
1864,2/7/2015,69,54,0.02
1865,2/8/2015,77,59,0
1866,2/9/2015,73,58,0
1867,2/10/2015,78,53,0
1868,2/11/2015,85,55,0
1869,2/12/2015,85,56,0
1870,2/13/2015,88,57,0
1871,2/14/2015,86,56,0
1872,2/15/2015,80,54,0
1873,2/16/2015,70,56,0
1874,2/17/2015,71,57,0
1875,2/18/2015,75,55,0
1876,2/19/2015,72,57,0
1877,2/20/2015,70,56,0
1878,2/21/2015,69,57,0
1879,2/22/2015,64,53,0.7
1880,2/23/2015,65,50,0
1881,2/24/2015,74,46,0
1882,2/25/2015,72,51,0
1883,2/26/2015,70,51,0
1884,2/27/2015,66,55,0
1885,2/28/2015,65,52,0.11
1886,3/1/2015,65,50,0.66
1887,3/2/2015,63,49,0.21
1888,3/3/2015,67,48,0
1889,3/4/2015,72,48,0
1890,3/5/2015,77,51,0
1891,3/6/2015,83,49,0
1892,3/7/2015,86,54,0
1893,3/8/2015,78,53,0
1894,3/9/2015,73,57,0
1895,3/10/2015,80,55,0
1896,3/11/2015,73,60,0
1897,3/12/2015,86,56,0
1898,3/13/2015,90,61,0
1899,3/14/2015,93,62,0
1900,3/15/2015,92,66,0
1901,3/16/2015,90,66,0
1902,3/17/2015,82,63,0
1903,3/18/2015,75,62,0
1904,3/19/2015,76,60,0
1905,3/20/2015,78,59,0
1906,3/21/2015,75,62,0
1907,3/22/2015,72,59,0
1908,3/23/2015,73,57,0
1909,3/24/2015,75,58,0
1910,3/25/2015,84,60,0
1911,3/26/2015,92,61,0
1912,3/27/2015,91,62,0
1913,3/28/2015,81,61,0
1914,3/29/2015,78,56,0
1915,3/30/2015,78,57,0
1916,3/31/2015,73,57,0
1917,4/1/2015,74,58,0
1918,4/2/2015,75,54,0
1919,4/3/2015,86,57,0
1920,4/4/2015,84,59,0
1921,4/5/2015,71,57,0
1922,4/6/2015,67,53,0
1923,4/7/2015,67,51,0.13
1924,4/8/2015,70,49,0
1925,4/9/2015,76,53,0
1926,4/10/2015,71,54,0
1927,4/11/2015,72,53,0
1928,4/12/2015,77,57,0
1929,4/13/2015,75,58,0
1930,4/14/2015,73,58,0
1931,4/15/2015,80,57,0
1932,4/16/2015,81,54,0
1933,4/17/2015,81,56,0
1934,4/18/2015,81,56,0
1935,4/19/2015,75,55,0
1936,4/20/2015,70,55,0
1937,4/21/2015,67,58,0
1938,4/22/2015,69,57,0
1939,4/23/2015,69,55,0
1940,4/24/2015,67,57,0
1941,4/25/2015,66,56,0
1942,4/26/2015,77,54,0
1943,4/27/2015,82,57,0
1944,4/28/2015,92,61,0
1945,4/29/2015,89,60,0
1946,4/30/2015,86,60,0
1947,5/1/2015,84,57,0
1948,5/2/2015,80,59,0
1949,5/3/2015,74,58,0
1950,5/4/2015,69,56,0
1951,5/5/2015,67,58,0
1952,5/6/2015,67,58,0
1953,5/7/2015,65,54,0.03
1954,5/8/2015,63,50,0.18
1955,5/9/2015,69,55,0
1956,5/10/2015,72,54,0
1957,5/11/2015,76,57,0
1958,5/12/2015,72,57,0
1959,5/13/2015,69,58,0
1960,5/14/2015,68,53,0.69
1961,5/15/2015,66,55,0.03
1962,5/16/2015,71,56,0
1963,5/17/2015,72,58,0
1964,5/18/2015,71,60,0
1965,5/19/2015,73,56,0
1966,5/20/2015,72,57,0
1967,5/21/2015,71,57,0
1968,5/22/2015,69,57,0
1969,5/23/2015,71,57,0
1970,5/24/2015,70,58,0
1971,5/25/2015,71,57,0
1972,5/26/2015,69,59,0
1973,5/27/2015,72,58,0
1974,5/28/2015,75,57,0
1975,5/29/2015,77,58,0
1976,5/30/2015,77,59,0
1977,5/31/2015,73,59,0
1978,6/1/2015,75,59,0
1979,6/2/2015,76,60,0
1980,6/3/2015,74,61,0
1981,6/4/2015,70,61,0
1982,6/5/2015,73,60,0
1983,6/6/2015,72,58,0
1984,6/7/2015,77,60,0
1985,6/8/2015,85,60,0
1986,6/9/2015,86,62,0.01
1987,6/10/2015,73,62,0
1988,6/11/2015,75,62,0
1989,6/12/2015,72,63,0
1990,6/13/2015,72,63,0
1991,6/14/2015,77,63,0
1992,6/15/2015,78,62,0
1993,6/16/2015,79,61,0
1994,6/17/2015,78,62,0
1995,6/18/2015,81,62,0
1996,6/19/2015,82,58,0
1997,6/20/2015,85,63,0
1998,6/21/2015,82,64,0
1999,6/22/2015,83,62,0
2000,6/23/2015,84,63,0
2001,6/24/2015,83,63,0
2002,6/25/2015,81,62,0
2003,6/26/2015,78,60,0
2004,6/27/2015,77,62,0
2005,6/28/2015,86,67,0
2006,6/29/2015,91,68,0
2007,6/30/2015,89,67,0
2008,7/1/2015,84,67,0
2009,7/2/2015,83,65,0
2010,7/3/2015,80,63,0
2011,7/4/2015,79,63,0
2012,7/5/2015,75,64,0
2013,7/6/2015,75,64,0
2014,7/7/2015,77,65,0
2015,7/8/2015,75,66,0
2016,7/9/2015,76,64,0
2017,7/10/2015,76,62,0
2018,7/11/2015,79,62,0
2019,7/12/2015,81,62,0
2020,7/13/2015,84,64,0
2021,7/14/2015,84,64,0
2022,7/15/2015,81,65,0
2023,7/16/2015,81,65,0
2024,7/17/2015,81,63,0
2025,7/18/2015,87,65,0.36
2026,7/19/2015,92,72,0.02
2027,7/20/2015,85,70,0
2028,7/21/2015,80,70,0
2029,7/22/2015,81,68,0
2030,7/23/2015,82,68,0
2031,7/24/2015,85,67,0
2032,7/25/2015,87,67,0
2033,7/26/2015,85,67,0
2034,7/27/2015,82,67,0
2035,7/28/2015,85,66,0
2036,7/29/2015,82,65,0
2037,7/30/2015,83,68,0
2038,7/31/2015,84,67,0
2039,8/1/2015,83,67,0
2040,8/2/2015,84,66,0
2041,8/3/2015,84,67,0
2042,8/4/2015,88,67,0
2043,8/5/2015,88,67,0
2044,8/6/2015,86,67,0
2045,8/7/2015,81,66,0
2046,8/8/2015,81,65,0
2047,8/9/2015,78,63,0
2048,8/10/2015,78,63,0
2049,8/11/2015,81,63,0
2050,8/12/2015,85,63,0
2051,8/13/2015,91,68,0
2052,8/14/2015,91,68,0
2053,8/15/2015,96,71,0
2054,8/16/2015,95,68,0
2055,8/17/2015,88,69,0
2056,8/18/2015,86,68,0
2057,8/19/2015,82,67,0
2058,8/20/2015,81,67,0
2059,8/21/2015,80,67,0
2060,8/22/2015,83,68,0
2061,8/23/2015,83,66,0
2062,8/24/2015,87,67,0
2063,8/25/2015,87,71,0
2064,8/26/2015,92,73,0
2065,8/27/2015,93,71,0
2066,8/28/2015,97,73,0
2067,8/29/2015,94,73,0
2068,8/30/2015,90,71,0
2069,8/31/2015,85,69,0
2070,9/1/2015,83,69,0
2071,9/2/2015,81,67,0
2072,9/3/2015,80,66,0
2073,9/4/2015,79,66,0
2074,9/5/2015,85,65,0
2075,9/6/2015,90,64,0
2076,9/7/2015,94,68,0
2077,9/8/2015,97,73,0
2078,9/9/2015,101,76,0
2079,9/10/2015,96,78,0
2080,9/11/2015,95,76,0
2081,9/12/2015,90,76,0
2082,9/13/2015,91,72,0
2083,9/14/2015,84,71,0
2084,9/15/2015,80,67,2.39
2085,9/16/2015,78,66,0
2086,9/17/2015,82,65,0
2087,9/18/2015,87,65,0
2088,9/19/2015,92,67,0
2089,9/20/2015,98,70,0
2090,9/21/2015,86,72,0
2091,9/22/2015,84,70,0
2092,9/23/2015,86,68,0
2093,9/24/2015,92,68,0
2094,9/25/2015,93,69,0
2095,9/26/2015,92,70,0
2096,9/27/2015,90,67,0
2097,9/28/2015,88,68,0
2098,9/29/2015,87,64,0
2099,9/30/2015,89,66,0
2100,10/1/2015,87,69,0
2101,10/2/2015,84,68,0
2102,10/3/2015,84,65,0
2103,10/4/2015,73,62,0.05
2104,10/5/2015,76,62,0.4
2105,10/6/2015,78,62,0
2106,10/7/2015,84,64,0
2107,10/8/2015,89,65,0
2108,10/9/2015,100,68,0
2109,10/10/2015,100,72,0
2110,10/11/2015,100,74,0
2111,10/12/2015,93,73,0
2112,10/13/2015,92,74,0
2113,10/14/2015,86,72,0
2114,10/15/2015,83,70,0
2115,10/16/2015,75,70,0
2116,10/17/2015,82,69,0
2117,10/18/2015,79,68,0
2118,10/19/2015,79,65,0
2119,10/20/2015,80,62,0
2120,10/21/2015,84,63,0
2121,10/22/2015,80,65,0
2122,10/23/2015,80,62,0
2123,10/24/2015,90,63,0
2124,10/25/2015,86,66,0
2125,10/26/2015,88,61,0
2126,10/27/2015,82,61,0
2127,10/28/2015,80,66,0
2128,10/29/2015,83,68,0
2129,10/30/2015,86,65,0
2130,10/31/2015,89,60,0
2131,11/1/2015,86,59,0
2132,11/2/2015,75,59,0
2133,11/3/2015,70,53,0
2134,11/4/2015,69,50,0
2135,11/5/2015,71,50,0
2136,11/6/2015,77,51,0
2137,11/7/2015,80,50,0
2138,11/8/2015,78,52,0
2139,11/9/2015,68,55,0
2140,11/10/2015,68,50,0
2141,11/11/2015,72,48,0
2142,11/12/2015,77,51,0
2143,11/13/2015,82,50,0
2144,11/14/2015,78,51,0
2145,11/15/2015,69,51,0
2146,11/16/2015,63,50,0
2147,11/17/2015,72,45,0
2148,11/18/2015,76,48,0
2149,11/19/2015,86,51,0
2150,11/20/2015,85,55,0
2151,11/21/2015,87,57,0
2152,11/22/2015,85,59,0
2153,11/23/2015,81,55,0
2154,11/24/2015,70,52,0.01
2155,11/25/2015,63,50,0
2156,11/26/2015,64,48,0
2157,11/27/2015,64,50,0
2158,11/28/2015,64,46,0
2159,11/29/2015,67,50,0
2160,11/30/2015,66,46,0
2161,12/1/2015,72,47,0
2162,12/2/2015,78,50,0
2163,12/3/2015,76,56,0
2164,12/4/2015,67,51,0
2165,12/5/2015,77,49,0
2166,12/6/2015,78,56,0
2167,12/7/2015,81,55,0
2168,12/8/2015,83,54,0
2169,12/9/2015,75,55,0
2170,12/10/2015,68,52,0
2171,12/11/2015,65,52,0.05
2172,12/12/2015,68,51,0
2173,12/13/2015,66,47,0.16
2174,12/14/2015,59,47,0
2175,12/15/2015,61,42,0
2176,12/16/2015,61,40,0
2177,12/17/2015,66,42,0
2178,12/18/2015,72,47,0
2179,12/19/2015,65,45,0.26
2180,12/20/2015,61,44,0
2181,12/21/2015,62,44,0.03
2182,12/22/2015,62,54,0.07
2183,12/23/2015,67,52,0
2184,12/24/2015,62,47,0
2185,12/25/2015,59,44,0
2186,12/26/2015,62,42,0
2187,12/27/2015,61,36,0
2188,12/28/2015,58,37,0
2189,12/29/2015,61,41,0
2190,12/30/2015,62,41,0
2191,12/31/2015,65,41,0
2192,1/1/2016,64,43,0
2193,1/2/2016,65,47,0
2194,1/3/2016,62,44,0
2195,1/4/2016,69,55,0.01
2196,1/5/2016,59,49,1.61
2197,1/6/2016,58,46,0.8
2198,1/7/2016,59,45,0.3
2199,1/8/2016,62,44,0
2200,1/9/2016,60,46,0
2201,1/10/2016,62,51,0
2202,1/11/2016,64,47,0
2203,1/12/2016,70,46,0
2204,1/13/2016,66,43,0
2205,1/14/2016,65,50,0
2206,1/15/2016,65,50,0
2207,1/16/2016,67,54,0
2208,1/17/2016,68,49,0
2209,1/18/2016,63,55,0
2210,1/19/2016,64,54,0.01
2211,1/20/2016,69,54,0.01
2212,1/21/2016,77,50,0
2213,1/22/2016,71,50,0
2214,1/23/2016,64,54,0
2215,1/24/2016,66,47,0
2216,1/25/2016,71,50,0
2217,1/26/2016,73,47,0
2218,1/27/2016,73,52,0
2219,1/28/2016,74,50,0
2220,1/29/2016,72,50,0
2221,1/30/2016,66,55,0
2222,1/31/2016,59,50,0.43
2223,2/1/2016,58,43,0
2224,2/2/2016,62,41,0
2225,2/3/2016,65,43,0
2226,2/4/2016,70,46,0
2227,2/5/2016,76,46,0
2228,2/6/2016,77,50,0
2229,2/7/2016,84,51,0
2230,2/8/2016,88,53,0
2231,2/9/2016,89,56,0
2232,2/10/2016,88,61,0
2233,2/11/2016,87,59,0
2234,2/12/2016,85,56,0
2235,2/13/2016,75,51,0
2236,2/14/2016,79,48,0
2237,2/15/2016,89,55,0
2238,2/16/2016,90,58,0
2239,2/17/2016,76,55,0.58
2240,2/18/2016,68,56,0.21
2241,2/19/2016,69,51,0
2242,2/20/2016,72,50,0
2243,2/21/2016,73,50,0
2244,2/22/2016,78,51,0
2245,2/23/2016,83,55,0
2246,2/24/2016,81,58,0
2247,2/25/2016,83,57,0
2248,2/26/2016,79,54,0
2249,2/27/2016,74,53,0
2250,2/28/2016,75,56,0
2251,2/29/2016,74,56,0
2252,3/1/2016,76,56,0
2253,3/2/2016,73,52,0
2254,3/3/2016,74,54,0
2255,3/4/2016,70,57,0
2256,3/5/2016,67,59,0.01
2257,3/6/2016,67,54,0.64
2258,3/7/2016,61,47,0.38
2259,3/8/2016,72,49,0
2260,3/9/2016,74,53,0
2261,3/10/2016,77,54,0
2262,3/11/2016,69,52,0.52
2263,3/12/2016,66,47,0
2264,3/13/2016,68,53,0
2265,3/14/2016,70,58,0.03
2266,3/15/2016,77,53,0
2267,3/16/2016,87,57,0
2268,3/17/2016,81,59,0
2269,3/18/2016,73,57,0
2270,3/19/2016,71,57,0
2271,3/20/2016,72,57,0
2272,3/21/2016,71,57,0
2273,3/22/2016,71,53,0
2274,3/23/2016,77,52,0
2275,3/24/2016,81,55,0
2276,3/25/2016,78,54,0
2277,3/26/2016,77,59,0
2278,3/27/2016,74,59,0
2279,3/28/2016,66,54,0.02
2280,3/29/2016,64,48,0
2281,3/30/2016,66,52,0
2282,3/31/2016,72,50,0
2283,4/1/2016,72,54,0
2284,4/2/2016,76,54,0
2285,4/3/2016,79,56,0
2286,4/4/2016,80,58,0
2287,4/5/2016,85,56,0
2288,4/6/2016,88,59,0
2289,4/7/2016,69,59,0.06
2290,4/8/2016,61,59,0.14
2291,4/9/2016,64,60,0.04
2292,4/10/2016,70,58,0
2293,4/11/2016,73,59,0
2294,4/12/2016,75,56,0
2295,4/13/2016,73,57,0
2296,4/14/2016,72,57,0
2297,4/15/2016,81,59,0
2298,4/16/2016,82,58,0
2299,4/17/2016,89,58,0
2300,4/18/2016,89,59,0
2301,4/19/2016,89,62,0
2302,4/20/2016,87,60,0
2303,4/21/2016,78,58,0
2304,4/22/2016,73,60,0
2305,4/23/2016,76,57,0
2306,4/24/2016,75,58,0
2307,4/25/2016,69,55,0
2308,4/26/2016,70,53,0
2309,4/27/2016,70,55,0
2310,4/28/2016,71,55,0
2311,4/29/2016,69,56,0
2312,4/30/2016,69,56,0
2313,5/1/2016,73,58,0
2314,5/2/2016,72,56,0
2315,5/3/2016,77,57,0
2316,5/4/2016,69,56,0
2317,5/5/2016,68,57,0.05
2318,5/6/2016,67,57,0
2319,5/7/2016,68,57,0
2320,5/8/2016,71,57,0
2321,5/9/2016,68,58,0
2322,5/10/2016,70,57,0
2323,5/11/2016,72,59,0
2324,5/12/2016,75,58,0
2325,5/13/2016,78,60,0
2326,5/14/2016,72,62,0
2327,5/15/2016,72,62,0
2328,5/16/2016,71,61,0
2329,5/17/2016,72,61,0
2330,5/18/2016,71,61,0
2331,5/19/2016,72,62,0
2332,5/20/2016,70,58,0
2333,5/21/2016,71,56,0
2334,5/22/2016,72,56,0
2335,5/23/2016,74,57,0
2336,5/24/2016,71,58,0
2337,5/25/2016,68,56,0
2338,5/26/2016,74,58,0
2339,5/27/2016,73,58,0
2340,5/28/2016,72,61,0
2341,5/29/2016,71,60,0
2342,5/30/2016,72,58,0
2343,5/31/2016,74,60,0
2344,6/1/2016,75,63,0
2345,6/2/2016,78,60,0
2346,6/3/2016,87,59,0
2347,6/4/2016,77,59,0
2348,6/5/2016,71,58,0
2349,6/6/2016,73,58,0
2350,6/7/2016,75,60,0
2351,6/8/2016,77,60,0
2352,6/9/2016,72,62,0
2353,6/10/2016,77,62,0
2354,6/11/2016,70,62,0
2355,6/12/2016,72,60,0
2356,6/13/2016,71,60,0
2357,6/14/2016,72,60,0
2358,6/15/2016,72,62,0
2359,6/16/2016,76,59,0
2360,6/17/2016,84,60,0
2361,6/18/2016,89,63,0
2362,6/19/2016,96,66,0
2363,6/20/2016,101,71,0
2364,6/21/2016,89,67,0
2365,6/22/2016,84,63,0
2366,6/23/2016,80,64,0
2367,6/24/2016,79,64,0
2368,6/25/2016,80,65,0
2369,6/26/2016,82,65,0
2370,6/27/2016,88,65,0
2371,6/28/2016,86,67,0
2372,6/29/2016,86,66,0
2373,6/30/2016,82,66,0
2374,7/1/2016,80,66,0
2375,7/2/2016,81,64,0
2376,7/3/2016,77,63,0
2377,7/4/2016,74,63,0
2378,7/5/2016,77,63,0
2379,7/6/2016,78,63,0
2380,7/7/2016,80,64,0
2381,7/8/2016,83,63,0
2382,7/9/2016,86,63,0
2383,7/10/2016,82,66,0
2384,7/11/2016,83,65,0
2385,7/12/2016,79,65,0
2386,7/13/2016,83,64,0
2387,7/14/2016,83,64,0
2388,7/15/2016,83,63,0
2389,7/16/2016,83,64,0
2390,7/17/2016,80,63,0
2391,7/18/2016,82,65,0
2392,7/19/2016,82,64,0
2393,7/20/2016,89,66,0
2394,7/21/2016,92,67,0
2395,7/22/2016,95,68,0
2396,7/23/2016,97,71,0
2397,7/24/2016,92,69,0
2398,7/25/2016,91,69,0
2399,7/26/2016,86,68,0
2400,7/27/2016,89,68,0
2401,7/28/2016,88,69,0
2402,7/29/2016,88,69,0
2403,7/30/2016,85,70,0
2404,7/31/2016,88,69,0
2405,8/1/2016,85,67,0
2406,8/2/2016,85,66,0
2407,8/3/2016,83,67,0
2408,8/4/2016,84,66,0
2409,8/5/2016,80,66,0
2410,8/6/2016,79,65,0
2411,8/7/2016,80,66,0
2412,8/8/2016,81,67,0
2413,8/9/2016,81,67,0
2414,8/10/2016,82,66,0
2415,8/11/2016,81,66,0
2416,8/12/2016,79,65,0
2417,8/13/2016,84,65,0
2418,8/14/2016,86,67,0
2419,8/15/2016,91,65,0
2420,8/16/2016,86,63,0
2421,8/17/2016,84,60,0
2422,8/18/2016,83,61,0
2423,8/19/2016,80,61,0
2424,8/20/2016,76,62,0
2425,8/21/2016,83,63,0
2426,8/22/2016,84,63,0
2427,8/23/2016,83,64,0
2428,8/24/2016,83,64,0
2429,8/25/2016,82,63,0
2430,8/26/2016,78,64,0
2431,8/27/2016,77,64,0
2432,8/28/2016,81,63,0
2433,8/29/2016,86,64,0
2434,8/30/2016,88,67,0
2435,8/31/2016,83,67,0
2436,9/1/2016,84,65,0
2437,9/2/2016,80,65,0
2438,9/3/2016,78,65,0
2439,9/4/2016,77,64,0
2440,9/5/2016,76,64,0
2441,9/6/2016,80,62,0
2442,9/7/2016,81,63,0
2443,9/8/2016,79,65,0
2444,9/9/2016,78,64,0
2445,9/10/2016,81,63,0
2446,9/11/2016,79,62,0
2447,9/12/2016,73,63,0
2448,9/13/2016,70,60,0
2449,9/14/2016,74,58,0
2450,9/15/2016,81,60,0
2451,9/16/2016,78,60,0
2452,9/17/2016,82,61,0
2453,9/18/2016,90,61,0
2454,9/19/2016,86,63,0
2455,9/20/2016,89,71,0
2456,9/21/2016,84,67,0
2457,9/22/2016,79,66,0
2458,9/23/2016,79,62,0
2459,9/24/2016,90,60,0
2460,9/25/2016,96,63,0
2461,9/26/2016,104,69,0
2462,9/27/2016,97,71,0
2463,9/28/2016,90,71,0
2464,9/29/2016,92,69,0
2465,9/30/2016,88,67,0
2466,10/1/2016,86,64,0
2467,10/2/2016,78,62,0
2468,10/3/2016,76,59,0
2469,10/4/2016,78,63,0
2470,10/5/2016,76,59,0
2471,10/6/2016,81,57,0
2472,10/7/2016,91,60,0
2473,10/8/2016,90,61,0
2474,10/9/2016,91,61,0
2475,10/10/2016,84,62,0
2476,10/11/2016,71,59,0
2477,10/12/2016,70,59,0
2478,10/13/2016,75,57,0
2479,10/14/2016,74,60,0
2480,10/15/2016,76,63,0
2481,10/16/2016,75,64,0
2482,10/17/2016,73,61,0.34
2483,10/18/2016,76,59,0
2484,10/19/2016,90,57,0
2485,10/20/2016,95,61,0
2486,10/21/2016,92,64,0
2487,10/22/2016,85,60,0
2488,10/23/2016,80,61,0.05
2489,10/24/2016,76,62,0.09
2490,10/25/2016,74,59,0
2491,10/26/2016,77,58,0
2492,10/27/2016,80,60,0
2493,10/28/2016,77,63,0.01
2494,10/29/2016,80,60,0
2495,10/30/2016,68,61,0.03
2496,10/31/2016,69,57,0
2497,11/1/2016,70,58,0
2498,11/2/2016,78,54,0
2499,11/3/2016,88,57,0
2500,11/4/2016,83,58,0
2501,11/5/2016,81,57,0
2502,11/6/2016,76,56,0
2503,11/7/2016,79,56,0
2504,11/8/2016,90,57,0
2505,11/9/2016,93,64,0
2506,11/10/2016,90,63,0
2507,11/11/2016,87,61,0
2508,11/12/2016,82,62,0
2509,11/13/2016,88,60,0
2510,11/14/2016,88,61,0
2511,11/15/2016,78,56,0
2512,11/16/2016,70,55,0
2513,11/17/2016,72,52,0
2514,11/18/2016,78,54,0
2515,11/19/2016,75,49,0
2516,11/20/2016,65,54,0.55
2517,11/21/2016,67,56,0.2
2518,11/22/2016,70,52,0
2519,11/23/2016,72,50,0
2520,11/24/2016,78,52,0
2521,11/25/2016,75,51,0
2522,11/26/2016,63,45,0.13
2523,11/27/2016,65,50,0
2524,11/28/2016,64,47,0
2525,11/29/2016,69,47,0
2526,11/30/2016,68,45,0
2527,12/1/2016,66,50,0
2528,12/2/2016,65,49,0
2529,12/3/2016,68,43,0
2530,12/4/2016,71,44,0
2531,12/5/2016,66,47,0
2532,12/6/2016,65,52,0
2533,12/7/2016,65,50,0
2534,12/8/2016,66,49,0
2535,12/9/2016,65,51,0
2536,12/10/2016,66,54,0
2537,12/11/2016,65,59,0
2538,12/12/2016,67,56,0
2539,12/13/2016,67,54,0
2540,12/14/2016,71,51,0
2541,12/15/2016,65,54,0.43
2542,12/16/2016,62,54,1.33
2543,12/17/2016,62,47,0
2544,12/18/2016,67,42,0
2545,12/19/2016,71,40,0
2546,12/20/2016,79,49,0
2547,12/21/2016,70,54,0.5
2548,12/22/2016,67,54,0.27
2549,12/23/2016,64,52,1.41
2550,12/24/2016,61,47,0.14
2551,12/25/2016,58,43,0
2552,12/26/2016,64,46,0
2553,12/27/2016,72,47,0
2554,12/28/2016,80,53,0
2555,12/29/2016,82,55,0
2556,12/30/2016,67,55,0.39
2557,12/31/2016,59,47,0.08
